time,duration,SoC
"{'valores': [array([0.00160004, 0.00171395, 0.00183388, 0.00196   , 0.00209241,
       0.00223126, 0.00237662, 0.0025286 , 0.00268725, 0.00285264,
       0.00302478, 0.00320368, 0.00338933, 0.00358169, 0.0037807 ,
       0.00398624, 0.00419822, 0.00441647, 0.00464082, 0.00487106,
       0.00510694, 0.0053482 , 0.00559453, 0.00584559, 0.00610101,
       0.00636041, 0.00662334, 0.00688934, 0.00715794, 0.0074286 ,
       0.00770079, 0.00797393, 0.00824743, 0.00852068, 0.00879303,
       0.00906384, 0.00933243, 0.00959812, 0.00986023, 0.01011805,
       0.01037088, 0.01061802, 0.01085876, 0.01109242, 0.0113183 ,
       0.01153574, 0.01174407, 0.01194266, 0.01213088, 0.01230814,
       0.01247389, 0.01262759, 0.01276874, 0.01289688, 0.01301159,
       0.01311249, 0.01319924, 0.01327155, 0.01332919, 0.01337195,
       0.01339969, 0.01341232, 0.01340979, 0.01339212, 0.01335936,
       0.01331162, 0.01324907, 0.01317191, 0.01308041, 0.01297487,
       0.01285564, 0.01272311, 0.01257773, 0.01241996, 0.01225031,
       0.01206933, 0.01187758, 0.01167568, 0.01146424, 0.01124392,
       0.01101536, 0.01077927, 0.01053631, 0.0102872 , 0.01003263,
       0.0097733 , 0.00950992, 0.00924319, 0.00897378, 0.00870239,
       0.00842966, 0.00815626, 0.00788281, 0.00760993, 0.00733818,
       0.00706815]), array([0.00395077, 0.0041863 , 0.00441986, 0.00464962, 0.00487367,
       0.00509009, 0.00529694, 0.0054923 , 0.00567432, 0.00584121,
       0.00599132, 0.00612312, 0.00623523, 0.00632649, 0.00639592,
       0.00644279, 0.00646658, 0.00646703, 0.00644416, 0.00639819,
       0.00632963, 0.00623921, 0.00612789, 0.00599684, 0.00584743,
       0.00568116, 0.00549971, 0.00530484, 0.00509843, 0.00488239,
       0.00465866, 0.00442918, 0.00419588, 0.00396063, 0.00372526,
       0.0034915 , 0.003261  , 0.00303536, 0.00281608, 0.00260462,
       0.00240241, 0.00221092, 0.00203168, 0.00186639, 0.00171699,
       0.00158575, 0.00147545, 0.00138943, 0.00133178, 0.00130746,
       0.00132241, 0.00138368, 0.00149941, 0.00167893, 0.00193257,
       0.00227155, 0.00270762, 0.00325271, 0.00391832, 0.00471488,
       0.00565096, 0.0067324 , 0.00796146, 0.00933593, 0.01084837,
       0.01248549, 0.01422777, 0.01604938, 0.01791843, 0.01979764,
       0.02164533, 0.02341685, 0.0250662 , 0.02654803, 0.02781961,
       0.02884285, 0.02958621, 0.03002623, 0.03014883, 0.02994996,
       0.02943587, 0.02862274, 0.02753586, 0.02620829, 0.02467918,
       0.02299188, 0.02119188, 0.01932485, 0.01743466, 0.01556188,
       0.01374237, 0.01200637, 0.01037798, 0.00887493, 0.00750874,
       0.00628522]), array([0.00395305, 0.00418892, 0.00442282, 0.0046529 , 0.00487726,
       0.00509395, 0.00530104, 0.00549661, 0.00567879, 0.0058458 ,
       0.00599597, 0.00612776, 0.00623982, 0.00633096, 0.00640021,
       0.00644682, 0.00647031, 0.0064704 , 0.00644711, 0.00640067,
       0.00633161, 0.00624064, 0.00612875, 0.00599711, 0.00584709,
       0.00568021, 0.00549814, 0.00530268, 0.00509568, 0.00487906,
       0.00465477, 0.00442474, 0.00419089, 0.00395508, 0.0037191 ,
       0.00348464, 0.00325331, 0.0030266 , 0.00280591, 0.00259259,
       0.00238789, 0.0021931 , 0.00200957, 0.0018388 , 0.00168258,
       0.00154313, 0.00142329, 0.00132675, 0.00125822, 0.00122377,
       0.00123096, 0.00128911, 0.00140936, 0.00160467, 0.00188964,
       0.00228011, 0.00279253, 0.00344298, 0.00424605, 0.00521333,
       0.0063519 , 0.00766264, 0.00913868, 0.01076417, 0.01251342,
       0.01435068, 0.01623072, 0.01810013, 0.01989954, 0.0215665 ,
       0.02303895, 0.02425892, 0.02517631, 0.02575218, 0.02596154,
       0.02579505, 0.02525982, 0.02437933, 0.02319389, 0.02176531,
       0.0201948 , 0.01866622, 0.0175155 , 0.01727973, 0.01860791,
       0.02191224, 0.02683153, 0.03191073, 0.03499516, 0.03434778,
       0.02973956, 0.02260226, 0.01510975, 0.00897579, 0.00484749,
       0.00248393])], 'parametros': {'weight': [array([1.]), array([0.26973549, 0.73026451]), array([0.19148002, 0.26963756, 0.53888241])], 'mean': [array([[61.33333333]]), array([[16.51958399],
       [77.88604576]]), array([[88.62679302],
       [16.50405008],
       [74.06617848]])], 'covariance': [array([[[884.62222322]]]), array([[[276.645604  ]],

       [[ 93.40722417]]]), array([[[  6.68707881]],

       [[276.14153155]],

       [[ 68.65375759]]])]}}","{'valores': [array([0.00160877, 0.00162065, 0.00163255, 0.00164445, 0.00165635,
       0.00166826, 0.00168017, 0.00169208, 0.001704  , 0.00171591,
       0.00172782, 0.00173973, 0.00175163, 0.00176353, 0.00177543,
       0.00178731, 0.00179919, 0.00181105, 0.0018229 , 0.00183475,
       0.00184657, 0.00185838, 0.00187018, 0.00188196, 0.00189371,
       0.00190545, 0.00191717, 0.00192886, 0.00194053, 0.00195218,
       0.00196379, 0.00197538, 0.00198694, 0.00199847, 0.00200996,
       0.00202143, 0.00203286, 0.00204425, 0.0020556 , 0.00206692,
       0.00207819, 0.00208943, 0.00210062, 0.00211177, 0.00212287,
       0.00213393, 0.00214494, 0.00215589, 0.0021668 , 0.00217766,
       0.00218846, 0.00219921, 0.0022099 , 0.00222053, 0.00223111,
       0.00224163, 0.00225208, 0.00226247, 0.0022728 , 0.00228306,
       0.00229326, 0.00230339, 0.00231344, 0.00232343, 0.00233335,
       0.00234319, 0.00235296, 0.00236266, 0.00237227, 0.00238181,
       0.00239127, 0.00240065, 0.00240995, 0.00241916, 0.00242829,
       0.00243733, 0.00244629, 0.00245516, 0.00246394, 0.00247263,
       0.00248122, 0.00248973, 0.00249814, 0.00250646, 0.00251468,
       0.0025228 , 0.00253083, 0.00253875, 0.00254657, 0.0025543 ,
       0.00256192, 0.00256943, 0.00257685, 0.00258415, 0.00259135,
       0.00259844, 0.00260542, 0.0026123 , 0.00261906, 0.00262571,
       0.00263224, 0.00263867, 0.00264497, 0.00265117, 0.00265724,
       0.0026632 , 0.00266905, 0.00267477, 0.00268037, 0.00268585,
       0.00269122, 0.00269645, 0.00270157, 0.00270656, 0.00271143,
       0.00271618, 0.00272079, 0.00272528, 0.00272965, 0.00273389,
       0.00273799, 0.00274197, 0.00274583, 0.00274955, 0.00275314,
       0.00275659, 0.00275992, 0.00276312, 0.00276618, 0.00276911,
       0.00277191, 0.00277457, 0.0027771 , 0.00277949, 0.00278175,
       0.00278387, 0.00278586, 0.00278771, 0.00278943, 0.00279101,
       0.00279245, 0.00279376, 0.00279493, 0.00279596, 0.00279686,
       0.00279761, 0.00279823, 0.00279872, 0.00279906, 0.00279927,
       0.00279934, 0.00279927, 0.00279906, 0.00279872, 0.00279823,
       0.00279761, 0.00279686, 0.00279596, 0.00279493, 0.00279376,
       0.00279245, 0.00279101, 0.00278943, 0.00278771, 0.00278586,
       0.00278387, 0.00278175, 0.00277949, 0.0027771 , 0.00277457,
       0.00277191, 0.00276911, 0.00276618, 0.00276312, 0.00275992,
       0.00275659, 0.00275314, 0.00274955, 0.00274583, 0.00274197,
       0.00273799, 0.00273389, 0.00272965, 0.00272528, 0.00272079,
       0.00271618, 0.00271143, 0.00270656, 0.00270157, 0.00269645,
       0.00269122, 0.00268585, 0.00268037, 0.00267477, 0.00266905,
       0.0026632 , 0.00265724, 0.00265117, 0.00264497, 0.00263867,
       0.00263224, 0.00262571, 0.00261906, 0.0026123 , 0.00260542,
       0.00259844, 0.00259135, 0.00258415, 0.00257685, 0.00256943,
       0.00256192, 0.0025543 , 0.00254657, 0.00253875, 0.00253083,
       0.0025228 , 0.00251468, 0.00250646, 0.00249814, 0.00248973,
       0.00248122, 0.00247263, 0.00246394, 0.00245516, 0.00244629,
       0.00243733, 0.00242829, 0.00241916, 0.00240995, 0.00240065,
       0.00239127, 0.00238181, 0.00237227, 0.00236266, 0.00235296,
       0.00234319, 0.00233335, 0.00232343, 0.00231344, 0.00230339,
       0.00229326, 0.00228306, 0.0022728 , 0.00226247, 0.00225208,
       0.00224163, 0.00223111, 0.00222053, 0.0022099 , 0.00219921,
       0.00218846, 0.00217766, 0.0021668 , 0.00215589, 0.00214494,
       0.00213393, 0.00212287, 0.00211177, 0.00210062, 0.00208943,
       0.00207819, 0.00206692, 0.0020556 , 0.00204425, 0.00203286,
       0.00202143, 0.00200996, 0.00199847, 0.00198694, 0.00197538,
       0.00196379, 0.00195218, 0.00194053, 0.00192886, 0.00191717,
       0.00190545, 0.00189371, 0.00188196, 0.00187018, 0.00185838,
       0.00184657, 0.00183475, 0.0018229 , 0.00181105, 0.00179919,
       0.00178731, 0.00177543, 0.00176353, 0.00175163, 0.00173973,
       0.00172782, 0.00171591, 0.001704  , 0.00169208, 0.00168017,
       0.00166826, 0.00165635, 0.00164445, 0.00163255, 0.00162065,
       0.00160877, 0.00159689, 0.00158502, 0.00157317, 0.00156132,
       0.00154949, 0.00153767, 0.00152587, 0.00151408, 0.00150231,
       0.00149056, 0.00147883, 0.00146711, 0.00145542, 0.00144375,
       0.00143211, 0.00142048, 0.00140889, 0.00139731, 0.00138577,
       0.00137425, 0.00136276, 0.00135131, 0.00133988, 0.00132848,
       0.00131711, 0.00130578, 0.00129448, 0.00128322, 0.00127199,
       0.0012608 , 0.00124964, 0.00123853, 0.00122745, 0.00121641,
       0.00120541, 0.00119445, 0.00118353, 0.00117265, 0.00116182,
       0.00115103, 0.00114028, 0.00112958, 0.00111893, 0.00110832,
       0.00109776, 0.00108724, 0.00107677, 0.00106635, 0.00105598,
       0.00104566, 0.00103539, 0.00102516, 0.00101499, 0.00100487,
       0.00099481, 0.00098479, 0.00097483, 0.00096492, 0.00095507,
       0.00094527, 0.00093552, 0.00092583, 0.00091619, 0.00090661,
       0.00089709, 0.00088762, 0.00087821, 0.00086885, 0.00085955,
       0.00085031, 0.00084113, 0.00083201, 0.00082294, 0.00081394,
       0.00080499, 0.0007961 , 0.00078727, 0.0007785 , 0.00076979,
       0.00076114, 0.00075256, 0.00074403, 0.00073556, 0.00072715,
       0.0007188 , 0.00071052, 0.00070229, 0.00069413, 0.00068602,
       0.00067798, 0.00067   , 0.00066208, 0.00065422, 0.00064642,
       0.00063869, 0.00063102, 0.0006234 , 0.00061585, 0.00060836,
       0.00060094, 0.00059357, 0.00058626, 0.00057902, 0.00057184,
       0.00056472, 0.00055766, 0.00055066, 0.00054372, 0.00053685,
       0.00053003, 0.00052327, 0.00051658, 0.00050995, 0.00050337,
       0.00049686, 0.00049041, 0.00048401, 0.00047768, 0.00047141,
       0.00046519, 0.00045904, 0.00045294, 0.00044691, 0.00044093,
       0.00043501, 0.00042915, 0.00042335, 0.0004176 , 0.00041191,
       0.00040628, 0.00040071, 0.0003952 , 0.00038974, 0.00038434,
       0.00037899, 0.0003737 , 0.00036846, 0.00036329, 0.00035816,
       0.00035309, 0.00034808, 0.00034312, 0.00033821, 0.00033336,
       0.00032856, 0.00032381, 0.00031912, 0.00031448, 0.00030989,
       0.00030536, 0.00030087, 0.00029644, 0.00029206, 0.00028772,
       0.00028344, 0.00027921, 0.00027503, 0.0002709 , 0.00026681,
       0.00026278, 0.00025879, 0.00025485, 0.00025096, 0.00024712,
       0.00024332, 0.00023957, 0.00023586, 0.00023221, 0.00022859,
       0.00022503, 0.0002215 , 0.00021802, 0.00021459, 0.0002112 ,
       0.00020785, 0.00020455, 0.00020128, 0.00019806, 0.00019489,
       0.00019175, 0.00018865, 0.0001856 , 0.00018259, 0.00017961,
       0.00017668, 0.00017378, 0.00017093, 0.00016811, 0.00016533,
       0.00016259, 0.00015989, 0.00015722, 0.00015459, 0.000152  ,
       0.00014945]), array([0.00211822, 0.00219781, 0.00227899, 0.00236172, 0.00244594,
       0.00253162, 0.00261868, 0.00270707, 0.00279671, 0.00288755,
       0.00297949, 0.00307247, 0.00316639, 0.00326116, 0.0033567 ,
       0.0034529 , 0.00354965, 0.00364686, 0.00374442, 0.0038422 ,
       0.0039401 , 0.00403799, 0.00413574, 0.00423324, 0.00433035,
       0.00442694, 0.00452288, 0.00461804, 0.00471228, 0.00480546,
       0.00489744, 0.00498809, 0.00507727, 0.00516484, 0.00525067,
       0.00533461, 0.00541654, 0.00549632, 0.00557382, 0.00564892,
       0.00572148, 0.00579139, 0.00585853, 0.00592278, 0.00598403,
       0.00604218, 0.00609713, 0.00614879, 0.00619705, 0.00624184,
       0.00628308, 0.0063207 , 0.00635463, 0.00638481, 0.0064112 ,
       0.00643374, 0.0064524 , 0.00646714, 0.00647796, 0.00648482,
       0.00648772, 0.00648667, 0.00648166, 0.00647271, 0.00645985,
       0.0064431 , 0.0064225 , 0.0063981 , 0.00636994, 0.00633808,
       0.00630259, 0.00626353, 0.00622099, 0.00617505, 0.0061258 ,
       0.00607333, 0.00601774, 0.00595914, 0.00589764, 0.00583334,
       0.00576638, 0.00569686, 0.00562492, 0.00555068, 0.00547428,
       0.00539584, 0.0053155 , 0.00523339, 0.00514966, 0.00506444,
       0.00497787, 0.00489009, 0.00480123, 0.00471143, 0.00462084,
       0.00452958, 0.00443778, 0.00434559, 0.00425312, 0.00416051,
       0.00406789, 0.00397536, 0.00388305, 0.00379108, 0.00369956,
       0.00360859, 0.00351828, 0.00342872, 0.00334002, 0.00325226,
       0.00316553, 0.00307991, 0.00299549, 0.00291232, 0.00283049,
       0.00275005, 0.00267107, 0.00259359, 0.00251767, 0.00244335,
       0.00237068, 0.00229968, 0.0022304 , 0.00216285, 0.00209706,
       0.00203305, 0.00197084, 0.00191044, 0.00185185, 0.00179507,
       0.00174011, 0.00168697, 0.00163563, 0.0015861 , 0.00153835,
       0.00149237, 0.00144815, 0.00140566, 0.00136489, 0.00132581,
       0.00128838, 0.0012526 , 0.00121841, 0.00118581, 0.00115474,
       0.00112519, 0.00109711, 0.00107047, 0.00104524, 0.00102137,
       0.00099883, 0.00097759, 0.0009576 , 0.00093883, 0.00092123,
       0.00090478, 0.00088943, 0.00087514, 0.00086188, 0.00084961,
       0.0008383 , 0.0008279 , 0.00081838, 0.00080971, 0.00080186,
       0.00079478, 0.00078844, 0.00078282, 0.00077788, 0.00077358,
       0.00076991, 0.00076683, 0.00076431, 0.00076233, 0.00076086,
       0.00075987, 0.00075933, 0.00075923, 0.00075955, 0.00076025,
       0.00076131, 0.00076273, 0.00076447, 0.00076652, 0.00076885,
       0.00077146, 0.00077433, 0.00077744, 0.00078076, 0.0007843 ,
       0.00078804, 0.00079196, 0.00079604, 0.00080029, 0.00080468,
       0.00080921, 0.00081386, 0.00081863, 0.00082351, 0.00082848,
       0.00083354, 0.00083868, 0.0008439 , 0.00084919, 0.00085453,
       0.00085993, 0.00086537, 0.00087086, 0.00087639, 0.00088194,
       0.00088752, 0.00089313, 0.00089875, 0.00090439, 0.00091003,
       0.00091568, 0.00092134, 0.00092699, 0.00093264, 0.00093828,
       0.00094391, 0.00094953, 0.00095513, 0.00096072, 0.00096629,
       0.00097183, 0.00097735, 0.00098284, 0.00098831, 0.00099374,
       0.00099915, 0.00100451, 0.00100985, 0.00101514, 0.0010204 ,
       0.00102562, 0.00103079, 0.00103593, 0.00104101, 0.00104606,
       0.00105105, 0.001056  , 0.0010609 , 0.00106574, 0.00107054,
       0.00107528, 0.00107997, 0.0010846 , 0.00108917, 0.00109369,
       0.00109815, 0.00110255, 0.0011069 , 0.00111118, 0.00111539,
       0.00111955, 0.00112364, 0.00112766, 0.00113162, 0.00113552,
       0.00113934, 0.0011431 , 0.00114679, 0.00115041, 0.00115396,
       0.00115743, 0.00116084, 0.00116417, 0.00116743, 0.00117061,
       0.00117372, 0.00117676, 0.00117971, 0.0011826 , 0.0011854 ,
       0.00118813, 0.00119077, 0.00119334, 0.00119583, 0.00119824,
       0.00120057, 0.00120282, 0.00120498, 0.00120706, 0.00120906,
       0.00121098, 0.00121282, 0.00121457, 0.00121623, 0.00121782,
       0.00121931, 0.00122073, 0.00122205, 0.00122329, 0.00122445,
       0.00122552, 0.0012265 , 0.0012274 , 0.00122821, 0.00122893,
       0.00122956, 0.00123011, 0.00123057, 0.00123094, 0.00123123,
       0.00123142, 0.00123153, 0.00123156, 0.00123149, 0.00123134,
       0.00123109, 0.00123077, 0.00123035, 0.00122985, 0.00122925,
       0.00122858, 0.00122781, 0.00122696, 0.00122602, 0.00122499,
       0.00122388, 0.00122268, 0.0012214 , 0.00122003, 0.00121857,
       0.00121703, 0.00121541, 0.0012137 , 0.0012119 , 0.00121003,
       0.00120807, 0.00120603, 0.0012039 , 0.00120169, 0.00119941,
       0.00119704, 0.00119459, 0.00119206, 0.00118945, 0.00118676,
       0.001184  , 0.00118115, 0.00117823, 0.00117524, 0.00117216,
       0.00116901, 0.00116579, 0.00116249, 0.00115912, 0.00115568,
       0.00115217, 0.00114858, 0.00114493, 0.0011412 , 0.0011374 ,
       0.00113354, 0.00112961, 0.00112561, 0.00112155, 0.00111742,
       0.00111323, 0.00110898, 0.00110466, 0.00110028, 0.00109584,
       0.00109134, 0.00108678, 0.00108217, 0.00107749, 0.00107277,
       0.00106798, 0.00106314, 0.00105825, 0.0010533 , 0.0010483 ,
       0.00104326, 0.00103816, 0.00103301, 0.00102782, 0.00102258,
       0.00101729, 0.00101196, 0.00100659, 0.00100117, 0.00099571,
       0.00099021, 0.00098467, 0.00097909, 0.00097347, 0.00096782,
       0.00096213, 0.00095641, 0.00095065, 0.00094486, 0.00093904,
       0.00093319, 0.00092731, 0.0009214 , 0.00091546, 0.00090949,
       0.0009035 , 0.00089749, 0.00089145, 0.00088539, 0.00087931,
       0.00087321, 0.00086708, 0.00086094, 0.00085479, 0.00084861,
       0.00084242, 0.00083622, 0.00083   , 0.00082377, 0.00081753,
       0.00081128, 0.00080502, 0.00079875, 0.00079247, 0.00078619,
       0.0007799 , 0.0007736 , 0.0007673 , 0.000761  , 0.0007547 ,
       0.00074839, 0.00074209, 0.00073578, 0.00072948, 0.00072318,
       0.00071689, 0.00071059, 0.00070431, 0.00069802, 0.00069175,
       0.00068548, 0.00067922, 0.00067297, 0.00066673, 0.0006605 ,
       0.00065429, 0.00064808, 0.00064189, 0.00063571, 0.00062955,
       0.0006234 , 0.00061727, 0.00061115, 0.00060506, 0.00059898,
       0.00059292, 0.00058687, 0.00058085, 0.00057485, 0.00056887,
       0.00056292, 0.00055698, 0.00055107, 0.00054519, 0.00053932,
       0.00053349, 0.00052768, 0.00052189, 0.00051613, 0.0005104 ,
       0.00050469, 0.00049902, 0.00049337, 0.00048775, 0.00048217,
       0.00047661, 0.00047108, 0.00046558, 0.00046012, 0.00045468,
       0.00044928, 0.00044391, 0.00043858, 0.00043327, 0.000428  ,
       0.00042277, 0.00041757, 0.0004124 , 0.00040727, 0.00040217,
       0.00039711, 0.00039209, 0.0003871 , 0.00038215, 0.00037723,
       0.00037235, 0.00036751, 0.0003627 , 0.00035793, 0.0003532 ,
       0.00034851]), array([0.00210769, 0.00219038, 0.00227478, 0.00236087, 0.00244858,
       0.00253785, 0.00262863, 0.00272084, 0.0028144 , 0.00290925,
       0.00300528, 0.00310242, 0.00320056, 0.0032996 , 0.00339945,
       0.00349998, 0.00360109, 0.00370265, 0.00380454, 0.00390664,
       0.0040088 , 0.0041109 , 0.00421279, 0.00431434, 0.0044154 ,
       0.00451582, 0.00461545, 0.00471415, 0.00481176, 0.00490813,
       0.00500311, 0.00509654, 0.00518827, 0.00527815, 0.00536602,
       0.00545174, 0.00553517, 0.00561615, 0.00569454, 0.00577021,
       0.00584301, 0.00591283, 0.00597953, 0.00604299, 0.00610309,
       0.00615973, 0.0062128 , 0.00626221, 0.00630785, 0.00634966,
       0.00638754, 0.00642144, 0.00645129, 0.00647703, 0.00649862,
       0.00651603, 0.00652923, 0.00653819, 0.00654291, 0.00654338,
       0.0065396 , 0.0065316 , 0.0065194 , 0.00650302, 0.0064825 ,
       0.00645791, 0.00642929, 0.0063967 , 0.00636022, 0.00631993,
       0.00627592, 0.00622828, 0.0061771 , 0.00612251, 0.0060646 ,
       0.00600351, 0.00593934, 0.00587224, 0.00580233, 0.00572976,
       0.00565466, 0.00557717, 0.00549745, 0.00541564, 0.0053319 ,
       0.00524638, 0.00515922, 0.0050706 , 0.00498065, 0.00488954,
       0.00479742, 0.00470444, 0.00461075, 0.00451651, 0.00442185,
       0.00432694, 0.0042319 , 0.00413688, 0.00404201, 0.00394743,
       0.00385327, 0.00375964, 0.00366667, 0.00357447, 0.00348316,
       0.00339283, 0.0033036 , 0.00321555, 0.00312877, 0.00304335,
       0.00295938, 0.00287691, 0.00279602, 0.00271678, 0.00263924,
       0.00256345, 0.00248946, 0.00241732, 0.00234705, 0.00227869,
       0.00221226, 0.0021478 , 0.0020853 , 0.0020248 , 0.00196628,
       0.00190977, 0.00185524, 0.00180272, 0.00175217, 0.0017036 ,
       0.00165698, 0.0016123 , 0.00156954, 0.00152867, 0.00148966,
       0.00145249, 0.00141712, 0.00138352, 0.00135165, 0.00132148,
       0.00129297, 0.00126608, 0.00124076, 0.00121698, 0.00119469,
       0.00117384, 0.00115439, 0.0011363 , 0.00111952, 0.00110401,
       0.00108971, 0.00107659, 0.00106459, 0.00105368, 0.00104381,
       0.00103493, 0.001027  , 0.00101998, 0.00101383, 0.00100849,
       0.00100394, 0.00100012, 0.00099701, 0.00099456, 0.00099274,
       0.0009915 , 0.00099082, 0.00099066, 0.00099098, 0.00099176,
       0.00099295, 0.00099454, 0.00099649, 0.00099877, 0.00100135,
       0.00100422, 0.00100734, 0.00101068, 0.00101424, 0.00101798,
       0.00102188, 0.00102593, 0.0010301 , 0.00103437, 0.00103873,
       0.00104316, 0.00104765, 0.00105217, 0.00105672, 0.00106128,
       0.00106584, 0.00107038, 0.0010749 , 0.00107939, 0.00108382,
       0.0010882 , 0.00109252, 0.00109677, 0.00110093, 0.00110501,
       0.00110899, 0.00111287, 0.00111664, 0.00112031, 0.00112385,
       0.00112728, 0.00113058, 0.00113375, 0.00113679, 0.00113969,
       0.00114246, 0.00114509, 0.00114758, 0.00114992, 0.00115212,
       0.00115418, 0.00115609, 0.00115785, 0.00115947, 0.00116094,
       0.00116226, 0.00116344, 0.00116447, 0.00116536, 0.0011661 ,
       0.0011667 , 0.00116716, 0.00116749, 0.00116767, 0.00116772,
       0.00116763, 0.00116741, 0.00116707, 0.00116659, 0.00116599,
       0.00116527, 0.00116443, 0.00116347, 0.0011624 , 0.00116122,
       0.00115993, 0.00115854, 0.00115705, 0.00115545, 0.00115376,
       0.00115199, 0.00115012, 0.00114817, 0.00114613, 0.00114402,
       0.00114184, 0.00113958, 0.00113726, 0.00113488, 0.00113243,
       0.00112993, 0.00112738, 0.00112478, 0.00112213, 0.00111944,
       0.00111672, 0.00111396, 0.00111116, 0.00110834, 0.0011055 ,
       0.00110264, 0.00109975, 0.00109686, 0.00109395, 0.00109104,
       0.00108812, 0.0010852 , 0.00108228, 0.00107937, 0.00107647,
       0.00107357, 0.00107069, 0.00106783, 0.00106498, 0.00106216,
       0.00105936, 0.00105659, 0.00105384, 0.00105113, 0.00104844,
       0.0010458 , 0.00104319, 0.00104062, 0.00103809, 0.0010356 ,
       0.00103315, 0.00103075, 0.0010284 , 0.00102609, 0.00102384,
       0.00102163, 0.00101948, 0.00101737, 0.00101532, 0.00101333,
       0.00101138, 0.0010095 , 0.00100766, 0.00100588, 0.00100416,
       0.00100249, 0.00100088, 0.00099933, 0.00099783, 0.00099638,
       0.00099499, 0.00099365, 0.00099237, 0.00099114, 0.00098996,
       0.00098884, 0.00098776, 0.00098674, 0.00098576, 0.00098484,
       0.00098396, 0.00098312, 0.00098233, 0.00098158, 0.00098088,
       0.00098021, 0.00097958, 0.00097899, 0.00097844, 0.00097792,
       0.00097743, 0.00097697, 0.00097654, 0.00097614, 0.00097576,
       0.0009754 , 0.00097507, 0.00097475, 0.00097445, 0.00097417,
       0.00097389, 0.00097363, 0.00097338, 0.00097313, 0.00097289,
       0.00097265, 0.00097242, 0.00097218, 0.00097193, 0.00097168,
       0.00097142, 0.00097115, 0.00097087, 0.00097057, 0.00097026,
       0.00096993, 0.00096957, 0.0009692 , 0.00096879, 0.00096837,
       0.00096791, 0.00096742, 0.0009669 , 0.00096634, 0.00096575,
       0.00096512, 0.00096444, 0.00096373, 0.00096297, 0.00096217,
       0.00096131, 0.00096041, 0.00095946, 0.00095846, 0.0009574 ,
       0.00095629, 0.00095513, 0.0009539 , 0.00095262, 0.00095127,
       0.00094986, 0.00094839, 0.00094686, 0.00094526, 0.0009436 ,
       0.00094187, 0.00094007, 0.0009382 , 0.00093627, 0.00093426,
       0.00093218, 0.00093003, 0.00092781, 0.00092552, 0.00092315,
       0.00092071, 0.0009182 , 0.00091561, 0.00091295, 0.00091021,
       0.0009074 , 0.00090451, 0.00090155, 0.00089851, 0.0008954 ,
       0.00089221, 0.00088895, 0.00088561, 0.0008822 , 0.00087872,
       0.00087516, 0.00087153, 0.00086782, 0.00086405, 0.0008602 ,
       0.00085628, 0.00085229, 0.00084823, 0.0008441 , 0.0008399 ,
       0.00083563, 0.0008313 , 0.0008269 , 0.00082244, 0.00081791,
       0.00081332, 0.00080866, 0.00080395, 0.00079917, 0.00079434,
       0.00078944, 0.00078449, 0.00077949, 0.00077443, 0.00076931,
       0.00076414, 0.00075893, 0.00075366, 0.00074835, 0.00074298,
       0.00073758, 0.00073213, 0.00072663, 0.00072109, 0.00071552,
       0.0007099 , 0.00070425, 0.00069856, 0.00069284, 0.00068709,
       0.0006813 , 0.00067548, 0.00066964, 0.00066377, 0.00065787,
       0.00065195, 0.00064601, 0.00064004, 0.00063406, 0.00062806,
       0.00062204, 0.000616  , 0.00060996, 0.0006039 , 0.00059783,
       0.00059175, 0.00058566, 0.00057957, 0.00057347, 0.00056737,
       0.00056127, 0.00055517, 0.00054906, 0.00054297, 0.00053687,
       0.00053078, 0.00052469, 0.00051862, 0.00051255, 0.00050649,
       0.00050045, 0.00049442, 0.0004884 , 0.00048239, 0.00047641,
       0.00047044, 0.00046449, 0.00045856, 0.00045265, 0.00044677,
       0.00044091, 0.00043507, 0.00042926, 0.00042347, 0.00041771,
       0.00041199])], 'parametros': {'weight': [array([1.]), array([0.36574234, 0.63425766]), array([0.1669849 , 0.20713239, 0.62588271])], 'mean': [array([[375.]]), array([[531.74858009],
       [284.6115077 ]]), array([[433.8966685 ],
       [605.63424184],
       [282.9593106 ]])], 'covariance': [array([[[20310.000001]]]), array([[[14036.55266619]],

       [[ 1589.21297277]]]), array([[[4584.80854102]],

       [[8255.04681259]],

       [[1494.37334582]]])]}}","{'valores': [array([1.35524281e-02, 1.46982471e-02, 1.58636564e-02, 1.70384608e-02,
       1.82115428e-02, 1.93710176e-02, 2.05044180e-02, 2.15989069e-02,
       2.26415114e-02, 2.36193733e-02, 2.45200100e-02, 2.53315771e-02,
       2.60431272e-02, 2.66448543e-02, 2.71283190e-02, 2.74866449e-02,
       2.77146818e-02, 2.78091283e-02, 2.77686119e-02, 2.75937217e-02,
       2.72869946e-02, 2.68528537e-02, 2.62975023e-02, 2.56287764e-02,
       2.48559610e-02, 2.39895754e-02, 2.30411355e-02, 2.20229002e-02,
       2.09476090e-02, 1.98282197e-02, 1.86776529e-02, 1.75085505e-02,
       1.63330542e-02, 1.51626087e-02, 1.40077947e-02, 1.28781928e-02,
       1.17822814e-02, 1.07273680e-02, 9.71955271e-03, 8.76372408e-03,
       7.86358213e-03, 7.02168712e-03, 6.23952941e-03, 5.51761653e-03,
       4.85557321e-03, 4.25225025e-03, 3.70583807e-03, 3.21398154e-03,
       2.77389253e-03, 2.38245771e-03, 2.03633903e-03, 1.73206540e-03,
       1.46611421e-03, 1.23498201e-03, 1.03524413e-03, 8.63603194e-04,
       7.16927132e-04, 5.92277328e-04, 4.86927739e-04, 3.98376066e-04,
       3.24348039e-04, 2.62795927e-04, 2.11892360e-04, 1.70020498e-04,
       1.35761486e-04, 1.07880064e-04, 8.53090541e-05, 6.71333581e-05,
       5.25739893e-05, 4.09725325e-05, 3.17763492e-05, 2.45247453e-05,
       1.88362449e-05, 1.43970484e-05, 1.09507009e-05, 8.28895316e-06,
       6.24376816e-06, 4.68040212e-06, 3.49147455e-06, 2.59193383e-06,
       1.91482132e-06, 1.40773826e-06, 1.02992331e-06, 7.49854807e-07,
       5.43298850e-07, 3.91732592e-07, 2.81079999e-07, 2.00705602e-07,
       1.42619320e-07, 1.00852471e-07, 7.09715093e-08, 4.97016555e-08,
       3.46375354e-08, 2.40221805e-08, 1.65793380e-08, 1.13870508e-08,
       7.78295732e-09, 5.29379786e-09, 3.58326868e-09, 2.41368566e-09,
       1.61797334e-09]), array([1.39178935e-02, 1.67224989e-02, 1.97596716e-02, 2.29619852e-02,
       2.62416249e-02, 2.94933570e-02, 3.25994884e-02, 3.54365786e-02,
       3.78834202e-02, 3.98295973e-02, 4.11837966e-02, 4.18810121e-02,
       4.18878631e-02, 4.12054341e-02, 3.98693162e-02, 3.79468477e-02,
       3.55318719e-02, 3.27375978e-02, 2.96883374e-02, 2.65109735e-02,
       2.33269709e-02, 2.02456164e-02, 1.73589595e-02, 1.47386869e-02,
       1.24349239e-02, 1.04767493e-02, 8.87406790e-03, 7.62040668e-03,
       6.69619434e-03, 6.07213145e-03, 5.71234612e-03, 5.57713520e-03,
       5.62519554e-03, 5.81533927e-03, 6.10775152e-03, 6.46488608e-03,
       6.85210439e-03, 7.23815311e-03, 7.59555021e-03, 7.90091908e-03,
       8.13527948e-03, 8.28427997e-03, 8.33834093e-03, 8.29267236e-03,
       8.14713540e-03, 7.90592863e-03, 7.57709780e-03, 7.17188572e-03,
       6.70395713e-03, 6.18854598e-03, 5.64158090e-03, 5.07884549e-03,
       4.51522594e-03, 3.96408799e-03, 3.43681229e-03, 2.94250170e-03,
       2.48785930e-03, 2.07722229e-03, 1.71272695e-03, 1.39457298e-03,
       1.12135288e-03, 8.90412562e-04, 6.98213388e-04, 5.40670879e-04,
       4.13452570e-04, 3.12224027e-04, 2.32838533e-04, 1.71471243e-04,
       1.24702639e-04, 8.95587249e-05, 6.35167204e-05, 4.44852604e-05,
       3.07674933e-05, 2.10143519e-05, 1.41738487e-05, 9.44077166e-06,
       6.20976408e-06, 4.03357945e-06, 2.58734319e-06, 1.63894872e-06,
       1.02523778e-06, 6.33332459e-07, 3.86355232e-07, 2.32750035e-07,
       1.38465195e-07, 8.13465977e-08, 4.71939223e-08, 2.70383796e-08,
       1.52975949e-08, 8.54699709e-09, 4.71576185e-09, 2.56943764e-09,
       1.38252249e-09, 7.34605601e-10, 3.85464310e-10, 1.99738608e-10,
       1.02208678e-10, 5.16489420e-11, 2.57740696e-11, 1.27014257e-11,
       6.18115810e-12]), array([1.38698846e-02, 1.81371831e-02, 2.29260853e-02, 2.80136148e-02,
       3.30913403e-02, 3.77928809e-02, 4.17378299e-02, 4.45857572e-02,
       4.60904128e-02, 4.61428995e-02, 4.47940525e-02, 4.22503819e-02,
       3.88436233e-02, 3.49796640e-02, 3.10768305e-02, 2.75052356e-02,
       2.45379012e-02, 2.23212374e-02, 2.08681790e-02, 2.00729302e-02,
       1.97426877e-02, 1.96393880e-02, 1.95236156e-02, 1.91932618e-02,
       1.85111427e-02, 1.74182445e-02, 1.59321427e-02, 1.41328807e-02,
       1.21406590e-02, 1.00906596e-02, 8.11006548e-03, 6.30103034e-03,
       4.73143656e-03, 3.43332815e-03, 2.40739533e-03, 1.63111948e-03,
       1.06826780e-03, 6.78485655e-04, 4.28277792e-04, 3.09363952e-04,
       3.75228011e-04, 8.00601972e-04, 1.93173053e-03, 4.22960834e-03,
       7.99253896e-03, 1.29055751e-02, 1.77692798e-02, 2.08522025e-02,
       2.08530586e-02, 1.77708424e-02, 1.29051157e-02, 7.98600872e-03,
       4.21125013e-03, 1.89236727e-03, 7.24624238e-04, 2.36446718e-04,
       6.57456076e-05, 1.55780570e-05, 3.14537993e-06, 5.41186136e-07,
       7.93478437e-08, 9.91383925e-09, 1.05554637e-09, 9.57804901e-11,
       7.40926886e-12, 4.89252976e-13, 2.77424896e-14, 1.39178192e-15,
       7.12546847e-17, 5.61229198e-18, 8.18590458e-19, 1.51346625e-19,
       2.84811146e-20, 5.21589508e-21, 9.23690225e-22, 1.58059223e-22,
       2.61321425e-23, 4.17434891e-24, 6.44259418e-25, 9.60707295e-26,
       1.38413893e-26, 1.92675529e-27, 2.59138367e-28, 3.36740350e-29,
       4.22782382e-30, 5.12857707e-31, 6.01084007e-32, 6.80662370e-33,
       7.44708982e-34, 7.87226536e-35, 8.04027938e-36, 7.93415785e-37,
       7.56464959e-38, 6.96843216e-39, 6.20211221e-40, 5.33337897e-41,
       4.43122243e-42, 3.55715623e-43, 2.75892955e-44, 2.06745737e-45,
       1.49689314e-46])], 'parametros': {'weight': [array([1.]), array([0.18616562, 0.81383438]), array([0.62364292, 0.13330951, 0.24304756])], 'mean': [array([[17.2]]), array([[42.13072312],
       [11.49706642]]), array([[ 8.38969048],
       [47.50043391],
       [23.18710432]])], 'covariance': [array([[[205.760001]]]), array([[[79.6564735 ]],

       [[59.90462866]]]), array([[[29.4215002 ]],

       [[ 6.25000082]],

       [[29.0659001 ]]])]}}"
"(array([0.13333333, 0.        , 0.        , 0.        , 0.        ,
       0.        , 0.        , 0.        , 0.        , 0.        ,
       0.        , 0.        , 0.        , 0.        , 0.        ,
       0.        , 0.        , 0.        , 0.        , 0.        ,
       0.        , 0.        , 0.        , 0.        , 0.        ,
       0.        , 0.        , 0.        , 0.        , 0.        ,
       0.        , 0.        , 0.13333333, 0.        , 0.        ,
       0.        , 0.        , 0.        , 0.        , 0.        ,
       0.        , 0.        , 0.        , 0.        , 0.        ,
       0.        , 0.        , 0.        , 0.        , 0.        ,
       0.        , 0.        , 0.        , 0.        , 0.        ,
       0.        , 0.        , 0.        , 0.        , 0.        ,
       0.06666667, 0.        , 0.        , 0.        , 0.06666667,
       0.        , 0.        , 0.        , 0.        , 0.        ,
       0.        , 0.        , 0.13333333, 0.        , 0.        ,
       0.        , 0.06666667, 0.        , 0.        , 0.        ,
       0.13333333, 0.        , 0.        , 0.        , 0.06666667,
       0.        , 0.        , 0.        , 0.13333333, 0.        ,
       0.        , 0.        , 0.06666667, 0.        , 0.        ,
       0.        ]), array([ 0,  1,  2,  3,  4,  5,  6,  7,  8,  9, 10, 11, 12, 13, 14, 15, 16,
       17, 18, 19, 20, 21, 22, 23, 24, 25, 26, 27, 28, 29, 30, 31, 32, 33,
       34, 35, 36, 37, 38, 39, 40, 41, 42, 43, 44, 45, 46, 47, 48, 49, 50,
       51, 52, 53, 54, 55, 56, 57, 58, 59, 60, 61, 62, 63, 64, 65, 66, 67,
       68, 69, 70, 71, 72, 73, 74, 75, 76, 77, 78, 79, 80, 81, 82, 83, 84,
       85, 86, 87, 88, 89, 90, 91, 92, 93, 94, 95, 96]), <a list of 96 Patch objects>)","(array([0.06666667, 0.        , 0.        , 0.        , 0.        ,
       0.        , 0.        , 0.        , 0.        , 0.        ,
       0.        , 0.        , 0.        , 0.        , 0.        ,
       0.13333333, 0.        , 0.        , 0.        , 0.        ,
       0.        , 0.        , 0.        , 0.        , 0.        ,
       0.        , 0.        , 0.        , 0.        , 0.        ,
       0.        , 0.        , 0.        , 0.        , 0.        ,
       0.        , 0.        , 0.        , 0.        , 0.        ,
       0.        , 0.        , 0.        , 0.        , 0.        ,
       0.06666667, 0.        , 0.        , 0.        , 0.        ,
       0.        , 0.        , 0.        , 0.        , 0.        ,
       0.        , 0.        , 0.        , 0.        , 0.        ,
       0.        , 0.        , 0.        , 0.        , 0.        ,
       0.        , 0.        , 0.        , 0.        , 0.        ,
       0.        , 0.        , 0.        , 0.        , 0.        ,
       0.26666667, 0.        , 0.        , 0.        , 0.        ,
       0.        , 0.        , 0.        , 0.        , 0.        ,
       0.        , 0.        , 0.        , 0.        , 0.        ,
       0.        , 0.        , 0.        , 0.        , 0.        ,
       0.        , 0.        , 0.        , 0.        , 0.        ,
       0.        , 0.        , 0.        , 0.        , 0.        ,
       0.06666667, 0.        , 0.        , 0.        , 0.        ,
       0.        , 0.        , 0.        , 0.        , 0.        ,
       0.        , 0.        , 0.        , 0.        , 0.        ,
       0.        , 0.        , 0.        , 0.        , 0.        ,
       0.        , 0.        , 0.        , 0.        , 0.        ,
       0.        , 0.        , 0.        , 0.        , 0.        ,
       0.06666667, 0.        , 0.        , 0.        , 0.        ,
       0.        , 0.        , 0.        , 0.        , 0.        ,
       0.        , 0.        , 0.        , 0.        , 0.        ,
       0.        , 0.        , 0.        , 0.        , 0.        ,
       0.        , 0.        , 0.        , 0.        , 0.        ,
       0.        , 0.        , 0.        , 0.        , 0.        ,
       0.        , 0.        , 0.        , 0.        , 0.        ,
       0.        , 0.        , 0.        , 0.        , 0.        ,
       0.        , 0.        , 0.        , 0.        , 0.        ,
       0.        , 0.        , 0.        , 0.        , 0.        ,
       0.        , 0.        , 0.        , 0.        , 0.        ,
       0.        , 0.        , 0.        , 0.        , 0.        ,
       0.06666667, 0.        , 0.        , 0.        , 0.        ,
       0.        , 0.        , 0.        , 0.        , 0.        ,
       0.        , 0.        , 0.        , 0.        , 0.        ,
       0.        , 0.        , 0.        , 0.        , 0.        ,
       0.        , 0.        , 0.        , 0.        , 0.        ,
       0.        , 0.        , 0.        , 0.        , 0.        ,
       0.        , 0.        , 0.        , 0.        , 0.        ,
       0.        , 0.        , 0.        , 0.        , 0.        ,
       0.        , 0.        , 0.        , 0.        , 0.        ,
       0.        , 0.        , 0.        , 0.        , 0.        ,
       0.        , 0.        , 0.        , 0.        , 0.        ,
       0.        , 0.        , 0.        , 0.        , 0.        ,
       0.06666667, 0.        , 0.        , 0.        , 0.        ,
       0.        , 0.        , 0.        , 0.        , 0.        ,
       0.        , 0.        , 0.        , 0.        , 0.        ,
       0.        , 0.        , 0.        , 0.        , 0.        ,
       0.        , 0.        , 0.        , 0.        , 0.        ,
       0.        , 0.        , 0.        , 0.        , 0.        ,
       0.        , 0.        , 0.        , 0.        , 0.        ,
       0.        , 0.        , 0.        , 0.        , 0.        ,
       0.        , 0.        , 0.        , 0.        , 0.        ,
       0.        , 0.        , 0.        , 0.        , 0.        ,
       0.        , 0.        , 0.        , 0.        , 0.        ,
       0.        , 0.        , 0.        , 0.        , 0.        ,
       0.06666667, 0.        , 0.        , 0.        , 0.        ,
       0.        , 0.        , 0.        , 0.        , 0.        ,
       0.        , 0.        , 0.        , 0.        , 0.        ,
       0.        , 0.        , 0.        , 0.        , 0.        ,
       0.        , 0.        , 0.        , 0.        , 0.        ,
       0.        , 0.        , 0.        , 0.        , 0.        ,
       0.        , 0.        , 0.        , 0.        , 0.        ,
       0.        , 0.        , 0.        , 0.        , 0.        ,
       0.        , 0.        , 0.        , 0.        , 0.        ,
       0.        , 0.        , 0.        , 0.        , 0.        ,
       0.        , 0.        , 0.        , 0.        , 0.        ,
       0.        , 0.        , 0.        , 0.        , 0.        ,
       0.06666667, 0.        , 0.        , 0.        , 0.        ,
       0.        , 0.        , 0.        , 0.        , 0.        ,
       0.        , 0.        , 0.        , 0.        , 0.        ,
       0.        , 0.        , 0.        , 0.        , 0.        ,
       0.        , 0.        , 0.        , 0.        , 0.        ,
       0.        , 0.        , 0.        , 0.        , 0.        ,
       0.        , 0.        , 0.        , 0.        , 0.        ,
       0.        , 0.        , 0.        , 0.        , 0.        ,
       0.        , 0.        , 0.        , 0.        , 0.        ,
       0.        , 0.        , 0.        , 0.        , 0.        ,
       0.        , 0.        , 0.        , 0.        , 0.        ,
       0.        , 0.        , 0.        , 0.        , 0.        ,
       0.        , 0.        , 0.        , 0.        , 0.        ,
       0.        , 0.        , 0.        , 0.        , 0.        ,
       0.        , 0.        , 0.        , 0.        , 0.        ,
       0.        , 0.        , 0.        , 0.        , 0.        ,
       0.        , 0.        , 0.        , 0.        , 0.        ,
       0.        , 0.        , 0.        , 0.        , 0.        ,
       0.        , 0.        , 0.        , 0.        , 0.        ,
       0.        , 0.        , 0.        , 0.        , 0.        ,
       0.        , 0.        , 0.        , 0.        , 0.        ,
       0.        , 0.        , 0.        , 0.        , 0.        ,
       0.        , 0.        , 0.        , 0.        , 0.        ,
       0.        , 0.        , 0.        , 0.        , 0.        ,
       0.06666667]), array([225, 226, 227, 228, 229, 230, 231, 232, 233, 234, 235, 236, 237,
       238, 239, 240, 241, 242, 243, 244, 245, 246, 247, 248, 249, 250,
       251, 252, 253, 254, 255, 256, 257, 258, 259, 260, 261, 262, 263,
       264, 265, 266, 267, 268, 269, 270, 271, 272, 273, 274, 275, 276,
       277, 278, 279, 280, 281, 282, 283, 284, 285, 286, 287, 288, 289,
       290, 291, 292, 293, 294, 295, 296, 297, 298, 299, 300, 301, 302,
       303, 304, 305, 306, 307, 308, 309, 310, 311, 312, 313, 314, 315,
       316, 317, 318, 319, 320, 321, 322, 323, 324, 325, 326, 327, 328,
       329, 330, 331, 332, 333, 334, 335, 336, 337, 338, 339, 340, 341,
       342, 343, 344, 345, 346, 347, 348, 349, 350, 351, 352, 353, 354,
       355, 356, 357, 358, 359, 360, 361, 362, 363, 364, 365, 366, 367,
       368, 369, 370, 371, 372, 373, 374, 375, 376, 377, 378, 379, 380,
       381, 382, 383, 384, 385, 386, 387, 388, 389, 390, 391, 392, 393,
       394, 395, 396, 397, 398, 399, 400, 401, 402, 403, 404, 405, 406,
       407, 408, 409, 410, 411, 412, 413, 414, 415, 416, 417, 418, 419,
       420, 421, 422, 423, 424, 425, 426, 427, 428, 429, 430, 431, 432,
       433, 434, 435, 436, 437, 438, 439, 440, 441, 442, 443, 444, 445,
       446, 447, 448, 449, 450, 451, 452, 453, 454, 455, 456, 457, 458,
       459, 460, 461, 462, 463, 464, 465, 466, 467, 468, 469, 470, 471,
       472, 473, 474, 475, 476, 477, 478, 479, 480, 481, 482, 483, 484,
       485, 486, 487, 488, 489, 490, 491, 492, 493, 494, 495, 496, 497,
       498, 499, 500, 501, 502, 503, 504, 505, 506, 507, 508, 509, 510,
       511, 512, 513, 514, 515, 516, 517, 518, 519, 520, 521, 522, 523,
       524, 525, 526, 527, 528, 529, 530, 531, 532, 533, 534, 535, 536,
       537, 538, 539, 540, 541, 542, 543, 544, 545, 546, 547, 548, 549,
       550, 551, 552, 553, 554, 555, 556, 557, 558, 559, 560, 561, 562,
       563, 564, 565, 566, 567, 568, 569, 570, 571, 572, 573, 574, 575,
       576, 577, 578, 579, 580, 581, 582, 583, 584, 585, 586, 587, 588,
       589, 590, 591, 592, 593, 594, 595, 596, 597, 598, 599, 600, 601,
       602, 603, 604, 605, 606, 607, 608, 609, 610, 611, 612, 613, 614,
       615, 616, 617, 618, 619, 620, 621, 622, 623, 624, 625, 626, 627,
       628, 629, 630, 631, 632, 633, 634, 635, 636, 637, 638, 639, 640,
       641, 642, 643, 644, 645, 646, 647, 648, 649, 650, 651, 652, 653,
       654, 655, 656, 657, 658, 659, 660, 661, 662, 663, 664, 665, 666,
       667, 668, 669, 670, 671, 672, 673, 674, 675, 676, 677, 678, 679,
       680, 681, 682, 683, 684, 685, 686, 687, 688, 689, 690, 691, 692,
       693, 694, 695, 696, 697, 698, 699, 700, 701, 702, 703, 704, 705,
       706, 707, 708, 709, 710, 711, 712, 713, 714, 715, 716, 717, 718,
       719, 720, 721]), <a list of 496 Patch objects>)","(array([0.13333333, 0.        , 0.        , 0.        , 0.        ,
       0.06666667, 0.        , 0.        , 0.        , 0.        ,
       0.33333333, 0.        , 0.        , 0.        , 0.        ,
       0.06666667, 0.        , 0.        , 0.06666667, 0.        ,
       0.06666667, 0.        , 0.        , 0.        , 0.        ,
       0.06666667, 0.        , 0.        , 0.        , 0.        ,
       0.06666667, 0.        , 0.        , 0.        , 0.        ,
       0.        , 0.        , 0.        , 0.        , 0.        ,
       0.        , 0.        , 0.        , 0.        , 0.        ,
       0.06666667, 0.        , 0.        , 0.        , 0.        ,
       0.06666667, 0.        , 0.        , 0.        , 0.        ,
       0.        , 0.        , 0.        , 0.        , 0.        ,
       0.        , 0.        , 0.        , 0.        , 0.        ,
       0.        , 0.        , 0.        , 0.        , 0.        ,
       0.        , 0.        , 0.        , 0.        , 0.        ,
       0.        , 0.        , 0.        , 0.        , 0.        ,
       0.        , 0.        , 0.        , 0.        , 0.        ,
       0.        , 0.        , 0.        , 0.        , 0.        ,
       0.        , 0.        , 0.        , 0.        , 0.        ,
       0.        , 0.        , 0.        , 0.        , 0.        ,
       0.        ]), array([  0,   1,   2,   3,   4,   5,   6,   7,   8,   9,  10,  11,  12,
        13,  14,  15,  16,  17,  18,  19,  20,  21,  22,  23,  24,  25,
        26,  27,  28,  29,  30,  31,  32,  33,  34,  35,  36,  37,  38,
        39,  40,  41,  42,  43,  44,  45,  46,  47,  48,  49,  50,  51,
        52,  53,  54,  55,  56,  57,  58,  59,  60,  61,  62,  63,  64,
        65,  66,  67,  68,  69,  70,  71,  72,  73,  74,  75,  76,  77,
        78,  79,  80,  81,  82,  83,  84,  85,  86,  87,  88,  89,  90,
        91,  92,  93,  94,  95,  96,  97,  98,  99, 100, 101]), <a list of 101 Patch objects>)"
"[19.17602622900284, 11.958191071356872, 11.552917585571425]","[88.19577759480904, 52.929740685297915, 51.00964354802963]","[9.099705967162382, 6.086356781043725, 4.940057773800373]"
